ID,PRODUCT
1,Logitech K380 Keyboard
2,Dell U2419 Monitor
3,Razer DeathAdder Mouse
4,Corsair K95 Keyboard
5,HP Z27q Monitor
6,Microsoft Wireless Keyboard 3600 Keyboard
7,Asus VP28UQG Monitor
8,SteelSeries Rival 600 Mouse
9,Logitech G502 Mouse
10,Razer BlackWidow Keyboard
11,ViewSonic VA2446M-LED Monitor
12,HyperX Pulsefire Surge Mouse
13,Logitech G Pro Keyboard
14,BenQ PD2700U Monitor
15,SteelSeries Apex 7 Keyboard
16,Razer Viper Mouse
17,Asus VG245H Monitor
18,Corsair Harpoon Mouse
19,Microsoft Sculpt Ergonomic Keyboard
20,HP Pavilion Gaming 32 Monitor
21,Logitech G903 Mouse
22,Razer Ornata Chroma Keyboard
23,Dell U2720Q Monitor
24,SteelSeries Rival 3 Mouse
25,HyperX Alloy Elite Keyboard
26,ViewSonic XG240R Monitor
27,Logitech G502 HERO Mouse
28,Corsair K63 Wireless Keyboard
29,Asus VG278Q Monitor
30,Razer DeathAdder Elite Mouse
31,Microsoft Universal Foldable Keyboard
32,BenQ GL2580 Monitor
33,SteelSeries Apex 5 Keyboard
34,Logitech G Pro X Mouse
35,HP Envy 27 Monitor
36,Razer BlackWidow Lite Keyboard
37,ViewSonic VA2446M-LED Monitor
38,HyperX Pulsefire Raid Mouse
39,Logitech G915 Lightspeed Keyboard
40,Asus VP28UQG Monitor
41,SteelSeries Rival 600 Mouse
42,Corsair K95 RGB Platinum Keyboard
43,Dell U2419 Monitor
44,Logitech G502 HERO Mouse
45,Microsoft Wireless Keyboard 3600 Keyboard
46,BenQ PD2700U Monitor
47,Razer Viper Mini Mouse
48,Asus VG245H Monitor
49,SteelSeries Apex 7 TKL Keyboard
50,Logitech G Pro X Superlight Mouse
51,HP Pavilion Gaming 32 Monitor
52,Corsair Harpoon Wireless Mouse
53,Microsoft Sculpt Ergonomic Keyboard
54,ViewSonic XG240R Monitor
55,Logitech G903 Lightspeed Mouse
56,Razer Ornata Chroma Keyboard
57,Dell U2720Q Monitor
58,SteelSeries Rival 3 Wireless Mouse
59,HyperX Alloy Elite RGB Keyboard
60,Asus VG278Q Monitor
61,Logitech G502 HERO High Performance Mouse
62,Corsair K63 Wireless Keyboard
63,BenQ GL2580 Monitor
64,SteelSeries Apex 5 Hybrid Keyboard
65,Logitech G Pro X Superlight Wireless Mouse
66,HP Envy 27 Monitor
67,Razer BlackWidow Lite Keyboard
68,ViewSonic VA2446M-LED Monitor
69,HyperX Pulsefire Raid Mouse
70,Logitech G915 Lightspeed Wireless Keyboard
71,Asus VP28UQG Monitor
72,SteelSeries Rival 600 Wireless Mouse
73,Corsair K95 RGB Platinum Keyboard
74,Dell U2419 Monitor
75,Logitech G502 HERO High Performance Mouse
76,Microsoft Wireless Keyboard 3600 Keyboard
77,BenQ PD2700U Monitor
78,Razer Viper Mini Mouse
79,Asus VG245H Monitor
80,SteelSeries Apex 7 TKL Keyboard
81,Logitech G Pro X Superlight Wireless Mouse
82,HP Pavilion Gaming 32 Monitor
83,Corsair Harpoon Wireless Mouse
84,Microsoft Sculpt Ergonomic Keyboard
85,ViewSonic XG240R Monitor
86,Logitech G903 Lightspeed Mouse
87,Razer Ornata Chroma Keyboard
88,Dell U2720Q Monitor
89,SteelSeries Rival 3 Wireless Mouse
90,HyperX Alloy Elite RGB Keyboard
91,Asus VG278Q Monitor
92,Logitech G502 HERO High Performance Mouse
93,Corsair K63 Wireless Keyboard
94,BenQ GL2580 Monitor
95,SteelSeries Apex 5 Hybrid Keyboard
96,Logitech G Pro X Superlight Wireless Mouse
97,HP Envy 27 Monitor
98,Razer BlackWidow Lite Keyboard
99,ViewSonic VA2446M-LED Monitor
100,HyperX Pulsefire Raid Mouse